<configuration>

    <!-- Appender para os logs do Hibernate -->
    <appender name="HIBERNATE_FILE" class="ch.qos.logback.core.FileAppender">
        <file>hibernate.log</file>
        <encoder>
            <pattern>%date [%thread] %-5level %logger{35} - %msg%n</pattern>
        </encoder>
    </appender>

    <!-- Logger para os logs do Hibernate -->
    <logger name="org.hibernate" level="ERROR" additivity="false">
        <appender-ref ref="HIBERNATE_FILE" />
    </logger>

    <!-- Appender para outros logs -->
    <appender name="FILE" class="ch.qos.logback.core.FileAppender">
        <file>logFile.log</file> <!-- Nome do arquivo de log -->
        <append>true</append>
        <encoder>
            <pattern>%d{HH:mm:ss.SSS} [%thread] %-5level %logger{36} - %msg%n</pattern> <!-- Formato do log -->
        </encoder>
    </appender>

    <!-- Configuração global para os logs -->
    <root level="ERROR"> <!-- Definindo o nível de log global como ERROR -->
        <appender-ref ref="FILE"/> <!-- Redirecionar todos os logs para o arquivo -->
    </root>

</configuration>
